,toxic,severe_toxic,obscene,threat,insult,identity_hate
count,79785.0,79785.0,79785.0,79785.0,79785.0,79785.0
mean,0.09620856050636084,0.009851475841323558,0.053368427649307514,0.003045685279187817,0.04919471078523532,0.008447703202356332
std,0.2948788958879502,0.09876510783412039,0.22476848487336212,0.055103966628914154,0.2162756978518466,0.09152291789857332
min,0.0,0.0,0.0,0.0,0.0,0.0
25%,0.0,0.0,0.0,0.0,0.0,0.0
50%,0.0,0.0,0.0,0.0,0.0,0.0
75%,0.0,0.0,0.0,0.0,0.0,0.0
max,1.0,1.0,1.0,1.0,1.0,1.0
