,toxic,severe_toxic,obscene,threat,insult,identity_hate
count,159571.0,159571.0,159571.0,159571.0,159571.0,159571.0
mean,0.09584448302009764,0.009995550569965721,0.052948217407925,0.002995531769557125,0.04936360616904074,0.00880485802558109
std,0.29437877159980147,0.09947714085736063,0.22393083291522248,0.05464958623143207,0.21662671727713204,0.09342048594140996
min,0.0,0.0,0.0,0.0,0.0,0.0
25%,0.0,0.0,0.0,0.0,0.0,0.0
50%,0.0,0.0,0.0,0.0,0.0,0.0
75%,0.0,0.0,0.0,0.0,0.0,0.0
max,1.0,1.0,1.0,1.0,1.0,1.0
